Workbook
Name FRECUENCIA: [1]Hoja1!$A$7:$A$12
Name FRECUENCIA: [1]Hoja1!$A$7:$A$12
Name FRECUENCIA: [1]Hoja1!$A$7:$A$12
Name FRECUENCIA: [1]Hoja1!$A$7:$A$12
Name FRECUENCIA: [1]Hoja1!$A$7:$A$12
Name Frecuencia: Hoja1!$B$1:$B$5
Name INDICADORES: [1]Hoja1!$A$2:$A$4
Name Tipo_Indicadores: Hoja1!$A$1:$A$3

Sheet Tablero de Indicadores
D7: TABLA DE REGISTRO DE INDICADORES
B9: PROCESO: | C9: ASEGURAMIENTO DE CALIDAD | F9: VIGENCIA: | H9: 2026
A11: ITEM | B11: TIPO INDICADOR | C11: NOMBRE DEL INDICADOR | D11: FÓRMULA | E11: UNIDAD DE MEDIDA | F11: META | G11: RANGO DE GESTIÓN | K11: FRECUENCIA | L11: RESPONSABLE | M11: NÚMERO
G12: Satisfactorio (Mayor ) | H12: Aceptable (Entre) | J12: Crítico (Menor) | M12: PORCENTAJE
A13: 1 | B13: Eficacia | C13: Cumplimiento Estado Sanitario en los puntos de venta | D13: (Total PDV sobre 90% / Total PDV)*100 | E13: PORCENTAJE | F13: 0.9 | G13: 0.9 | H13: 0.8 | I13: 0.7 | J13: 0.7 | K13: Trimestral | L13: Coordinadora Aseguramiento de Calidad y SIG
A14: 2 | B14: Eficacia | C14: COBERTURA PLAN CAPACITACION PERSONAL MANIPULADOR DE ALIMENTOS | D14: (Total personal asistente / Total personal programado) x 100 | E14: PORCENTAJE | F14: 1 | G14: 1 | H14: 0.9 | I14: 0.8 | J14: 0.7 | K14: Mensual | L14: Coordinadora Aseguramiento de Calidad y SIG
A15: 3 | B15: Eficacia | C15: EFICACIA PLAN DE CAPACITACIÓN MANIPULADOR DE ALIMENTOS | D15: (Total de evaluaciones aprobadas/Total de evaluaciones realizadas)x 100 | E15: PORCENTAJE | F15: 1 | G15: 1 | H15: 0.9 | I15: 0.8 | J15: 0.7 | K15: Semestral | L15: Coordinadora Aseguramiento de Calidad y SIG
A16: 4 | B16: Eficacia | C16: CUMPLIMIENTO DE LA EFICACIA EN EL TRATAMIENTO DE PQRSF | D16: (PQR resueltas / PQR Recibidas) x 100 | E16: PORCENTAJE | F16: 1 | G16: 0.9 | H16: 0.8 | I16: 0.7 | J16: 0.6 | K16: Mensual | L16: Coordinadora Aseguramiento de Calidad y SIG
A17: 5 | B17: Efectividad | C17: SISTEMA DE GESTIÓN DOCUMENTAL | D17: (Total de documentos creados y actualizados/Total documentos proyectados)*100 | E17: PORCENTAJE | F17: 1 | G17: 0.9 | H17: 0.8 | I17: 0.7 | J17: 0.6 | K17: Trimestral | L17: Coordinadora Aseguramiento de Calidad y SIG
B18: Efectividad | C18: MEJORA CONTINUA PROVEEDORES DE MATERIA PRIMAS E INSUMOS | D18: (Total Proveedores evaluados/ Total Proveedores programados)*100 | E18: PORCENTAJE | F18: 1 | G18: 1 | H18: 0.9 | I18: 0.8 | J18: 0.79 | K18: Mensual | L18: Coordinadora Aseguramiento de Calidad y SIG - Coordinador de Compras
B19: Efectividad | C19: % CUMPLIMIENTO DE PROVEEDORES | D19: Cumplimiento con el 80% de proveedores (Total Proveedores cumpliendo con criterios de calidad/Total de proveedores) *100 | E19: PORCENTAJE | F19: 1 | G19: 1 | H19: 0.9 | I19: 0.8 | J19: 0.79 | K19: Trimestral | L19: Coordinadora Aseguramiento de Calidad y SIG
B20: Eficacia | C20: CONFORMIDAD MUESTRAS MICROBIOLOGICAS | D20: (Total muestras conformes/Total muestras realizadas) x 100 | E20: PORCENTAJE | F20: 1 | G20: 1 | H20: 0.9 | I20: 0.8 | J20: 0.79 | K20: Semestral | L20: Coordinadora Aseguramiento de Calidad y SIG
B21: Efectividad
B22: Efectividad
B23: Efectividad
B24: Efectividad
B25: Efectividad

Sheet IND ESTADO SANITARIO
F1: INDICADOR CUMPLIMIENTO DEL PLAN DE CAPACITACIÓN Y FORMACIÓN | W1: CODIGO
W2: VERSION
W4: FECHA DE APROBACIÓN
W7: PAGINA | Y7: 1 de 1
B12: NOMBRE DEL INDICADOR | F12: ='Tablero de Indicadores'!C13 -> Cumplimiento Estado Sanitario en los puntos de venta
B14: PROCESO | F14: ='Tablero de Indicadores'!C9 -> ASEGURAMIENTO DE CALIDAD | S14: META | U14: ='Tablero de Indicadores'!F13 -> 0.9 | W14: CLASIFICACIÓN | Y14: RANGO
B16: FORMULA | F16: ='Tablero de Indicadores'!D13 -> (Total PDV sobre 90% / Total PDV)*100 | S16: FRECUENCIA DE MEDICIÓN | U16: 3 Veces al año | W16: SATISFACTORIO | Y16: > | AA16: ='Tablero de Indicadores'!G13 -> 0.9
B18: UNIDAD | F18: ='Tablero de Indicadores'!E13 -> PORCENTAJE | S18: TIPO INDICADOR | U18: ='Tablero de Indicadores'!B13 -> Eficacia | W18: ACEPTABLE | Y18: ='Tablero de Indicadores'!H13 -> 0.8 | AA18: ='Tablero de Indicadores'!I13 -> 0.7
B20: RESPONSABLE MEDICIÓN | F20: ='Tablero de Indicadores'!L13 -> Coordinadora Aseguramiento de Calidad y SIG | S20: VIGENCIA | U20: 2026 | W20: CRÍTICO | Y20: < | AA20: ='Tablero de Indicadores'!J13 -> 0.7
B24: PARAMETROS | F24: Enero | G24: Febrero | H24: Marzo | I24: Abril | J24: Mayo | K24: Junio | L24: Julio | M24: Agosto | N24: Septiembre | O24: Octubre | P24: Noviembre | Q24: Diciembre | S24: Observaciones:
B26: Capacitaciones realizadas
B27: Capacitaciones programadas | E27: 0
B29: Rango Mayor (Meta) | F29: 1 | G29: 1 | H29: 1 | I29: 1 | J29: 1 | K29: 1 | L29: 1 | M29: 1 | N29: 1 | O29: 1 | P29: 1 | Q29: 1
B31: Rango Menor | F31: =G31 -> 0.7 | G31: =H31 -> 0.7 | H31: =I31 -> 0.7 | I31: =J31 -> 0.7 | J31: =K31 -> 0.7 | K31: =L31 -> 0.7 | L31: =M31 -> 0.7 | M31: =N31 -> 0.7 | ... P31: =Q31 -> 0.7 | Q31: =AA20 -> 0.7
B33: Avance | F33: =F26/F27 -> #DIV/0! | G33: =G26/G27 -> #DIV/0! | H33: =H26/H27 -> #DIV/0! | I33: =I26/I27 -> #DIV/0! | J33: =J26/J27 -> #DIV/0! | K33: =K26/K27 -> #DIV/0! | L33: =L26/L27 -> #DIV/0! | M33: =M26/M27 -> #DIV/0! | ... Q33: =Q26/Q27 -> #DIV/0!
D38: ANÁLISIS | J38: ACCIÓN A SEGUIR
D40: FECHA SEGUIMIENTO | J40: SEGUIMIENTO A LA IMPLEMENTACIÓN
D42: RESPONSABLE
D43: Coordinadora de Gestion Humana

Sheet IND COBERTURA PLAN CAPACITACIÓN
D2: CUMPLIMIENTO DE INDICADOR DE BIENESTAR LABORAL | U2: CODIGO
U3: VERSION
U5: FECHA DE APROBACIÓN
U8: PAGINA | W8: 1 de 1
B12: NOMBRE DEL INDICADOR | F12: ='Tablero de Indicadores'!C14 -> COBERTURA PLAN CAPACITACION PERSONAL MANIPULADOR DE ALIMENTOS
B14: PROCESO | F14: ='Tablero de Indicadores'!C9 -> ASEGURAMIENTO DE CALIDAD | S14: META | U14: ='Tablero de Indicadores'!F14 -> 1 | W14: CLASIFICACIÓN | Y14: RANGO
B16: FORMULA | F16: ='Tablero de Indicadores'!D14 -> (Total personal asistente / Total personal programado) x 100 | S16: FRECUENCIA DE MEDICIÓN | U16: Semestral | W16: SATISFACTORIO | Y16: > | AA16: ='Tablero de Indicadores'!G14 -> 1
B18: UNIDAD | F18: ='Tablero de Indicadores'!E14 -> PORCENTAJE | S18: TIPO INDICADOR | U18: ='Tablero de Indicadores'!B14 -> Eficacia | W18: ACEPTABLE | Y18: ='Tablero de Indicadores'!H14 -> 0.9 | AA18: ='Tablero de Indicadores'!I14 -> 0.8
B20: RESPONSABLE MEDICIÓN | F20: ='Tablero de Indicadores'!L14 -> Coordinadora Aseguramiento de Calidad y SIG | S20: VIGENCIA | U20: 2026 | W20: CRÍTICO | Y20: < | AA20: ='Tablero de Indicadores'!J14 -> 0.7
B24: PARAMETROS | F24: Enero | G24: Febrero | H24: Marzo | I24: Abril | J24: Mayo | K24: Junio | L24: Julio | M24: Agosto | N24: Septiembre | O24: Octubre | P24: Noviembre | Q24: Diciembre | S24: OBSERVACIONES:
B26: Numerador
B27: Denominador | E27: 0
B29: Rango Mayor (Meta) | F29: =G29 -> 1 | G29: =H29 -> 1 | H29: =I29 -> 1 | I29: =J29 -> 1 | J29: =K29 -> 1 | K29: =L29 -> 1 | L29: =M29 -> 1 | M29: =N29 -> 1 | ... P29: =Q29 -> 1 | Q29: =AA16 -> 1
F30: =G30 -> 0 | G30: =H30 -> 0 | H30: =I30 -> 0 | I30: =J30 -> 0 | J30: =K30 -> 0 | K30: =L30 -> 0 | L30: =M30 -> 0 | M30: =N30 -> 0 | ... O30: =P30 -> 0
B31: Rango Menor | F31: =G31 -> 0.7 | G31: =H31 -> 0.7 | H31: =I31 -> 0.7 | I31: =J31 -> 0.7 | J31: =K31 -> 0.7 | K31: =L31 -> 0.7 | L31: =M31 -> 0.7 | M31: =N31 -> 0.7 | ... P31: =Q31 -> 0.7 | Q31: =AA20 -> 0.7
B33: Avance | F33: =F26/F27 -> #DIV/0! | G33: =G26/G27 -> #DIV/0! | H33: =H26/H27 -> #DIV/0! | I33: =I26/I27 -> #DIV/0! | J33: =J26/J27 -> #DIV/0! | K33: =K26/K27 -> #DIV/0! | L33: =L26/L27 -> #DIV/0! | M33: =M26/M27 -> #DIV/0! | ... Q33: =Q26/Q27 -> #DIV/0!
D38: ANÁLISIS | J38: ACCIÓN A SEGUIR
D40: FECHA SEGUIMIENTO | J40: SEGUIMIENTO A LA IMPLEMENTACIÓN
D42: RESPONSABLE
D43: Coordinadora de Gestion Humana

Sheet IND EFICACIA CAPACITACIONES
E2: INDICADOR CAPACITACIONES Y ACTIVIDADES PROGRAMADAS | W2: CODIGO
W3: VERSION
W5: FECHA DE APROBACIÓN
W8: PAGINA | Y8: 1 de 1
B12: NOMBRE DEL INDICADOR | F12: EFICACIA PLAN DE CAPACITACIONES PERSONAL MANIPULADOR DE ALIMENTOS
B14: PROCESO | F14: ='Tablero de Indicadores'!C9 -> ASEGURAMIENTO DE CALIDAD | S14: META | U14: ='Tablero de Indicadores'!#REF! -> #REF! | W14: CLASIFICACIÓN | Y14: RANGO
B16: FORMULA | F16: ='Tablero de Indicadores'!D15 -> (Total de evaluaciones aprobadas/Total de evaluaciones realizadas)x 100 | S16: FRECUENCIA DE MEDICIÓN | U16: =+'Tablero de Indicadores'!#REF! -> #REF! | W16: SATISFACTORIO | Y16: < | AA16: ='Tablero de Indicadores'!#REF! -> #REF!
B18: UNIDAD | F18: ='Tablero de Indicadores'!E16 -> PORCENTAJE | S18: TIPO INDICADOR | U18: ='Tablero de Indicadores'!B16 -> Eficacia | W18: ACEPTABLE | Y18: ='Tablero de Indicadores'!#REF! -> #REF! | AA18: ='Tablero de Indicadores'!#REF! -> #REF!
B20: RESPONSABLE MEDICIÓN | F20: ='Tablero de Indicadores'!L16 -> Coordinadora Aseguramiento de Calidad y SIG | S20: VIGENCIA | U20: ='Tablero de Indicadores'!H9 -> 2026 | W20: CRÍTICO | Y20: > | AA20: ='Tablero de Indicadores'!#REF! -> #REF!
B24: PARAMETROS | F24: Enero | G24: Febrero | H24: Marzo | I24: Abril | J24: Mayo | K24: Junio | L24: Julio | M24: Agosto | N24: Septiembre | O24: Octubre | P24: Noviembre | Q24: Diciembre | S24: OBSERVACIONES:
B26: Cubrimiento de vacantes
B27: Vacantes | E27: 0
B29: Rango Mayor (Meta) | F29: =G29 -> #REF! | G29: =H29 -> #REF! | H29: =I29 -> #REF! | I29: =J29 -> #REF! | J29: =K29 -> #REF! | K29: =L29 -> #REF! | L29: =M29 -> #REF! | M29: =N29 -> #REF! | ... P29: =Q29 -> #REF! | Q29: =AA16 -> #REF!
F30: =G30 -> 0 | G30: =H30 -> 0 | H30: =I30 -> 0 | I30: =J30 -> 0 | J30: =K30 -> 0 | K30: =L30 -> 0 | L30: =M30 -> 0 | M30: =N30 -> 0 | ... O30: =P30 -> 0
B31: Rango Menor | F31: =G31 -> #REF! | G31: =H31 -> #REF! | H31: =I31 -> #REF! | I31: =J31 -> #REF! | J31: =K31 -> #REF! | K31: =L31 -> #REF! | L31: =M31 -> #REF! | M31: =N31 -> #REF! | ... P31: =Q31 -> #REF! | Q31: =AA20 -> #REF!
B33: Avance | F33: =F26/F27 -> #DIV/0! | G33: =G26/G27 -> #DIV/0! | H33: =H26/H27 -> #DIV/0! | I33: =I26/I27 -> #DIV/0! | J33: =J26/J27 -> #DIV/0! | K33: =K26/K27 -> #DIV/0! | L33: =L26/L27 -> #DIV/0! | M33: =M26/M27 -> #DIV/0! | ... Q33: =Q26/Q27 -> #DIV/0!
D38: ANÁLISIS | J38: ACCIÓN A SEGUIR
D40: FECHA SEGUIMIENTO | J40: SEGUIMIENTO A LA IMPLEMENTACIÓN
D42: RESPONSABLE
D43: Coordinador de Gestión Humana

Sheet IND TRATAMIENTO PQRSF
F2: CUMPLIMIENTO DE INDICADOR DE BIENESTAR LABORAL | W2: CODIGO
W3: VERSION
W5: FECHA DE APROBACIÓN
W8: PAGINA | Y8: 1 de 1
B12: NOMBRE DEL INDICADOR | F12: ='Tablero de Indicadores'!C16 -> CUMPLIMIENTO DE LA EFICACIA EN EL TRATAMIENTO DE PQRSF
B14: PROCESO | F14: ='Tablero de Indicadores'!C9 -> ASEGURAMIENTO DE CALIDAD | S14: META | U14: ='Tablero de Indicadores'!F16 -> 1 | W14: CLASIFICACIÓN | Y14: RANGO
B16: FORMULA | F16: ='Tablero de Indicadores'!D16 -> (PQR resueltas / PQR Recibidas) x 100 | S16: FRECUENCIA DE MEDICIÓN | U16: ='Tablero de Indicadores'!K16 -> Mensual | W16: SATISFACTORIO | Y16: > | AA16: ='Tablero de Indicadores'!G16 -> 0.9
B18: UNIDAD | F18: ='Tablero de Indicadores'!E16 -> PORCENTAJE | S18: TIPO INDICADOR | U18: ='Tablero de Indicadores'!B16 -> Eficacia | W18: ACEPTABLE | Y18: ='Tablero de Indicadores'!H16 -> 0.8 | AA18: ='Tablero de Indicadores'!I16 -> 0.7
B20: RESPONSABLE MEDICIÓN | F20: ='Tablero de Indicadores'!L16 -> Coordinadora Aseguramiento de Calidad y SIG | S20: VIGENCIA | U20: ='Tablero de Indicadores'!H9 -> 2026 | W20: CRÍTICO | Y20: < | AA20: ='Tablero de Indicadores'!J16 -> 0.6
B24: PARAMETROS | F24: Enero | G24: Febrero | H24: Marzo | I24: Abril | J24: Mayo | K24: Junio | L24: Julio | M24: Agosto | N24: Septiembre | O24: Octubre | P24: Noviembre | Q24: Diciembre | S24: OBSERVACIONES:
B26: Actividades realizadas
B27: Actividades programadas | E27: 0
B29: Rango Mayor (Meta) | F29: =G29 -> 0.9 | G29: =H29 -> 0.9 | H29: =I29 -> 0.9 | I29: =J29 -> 0.9 | J29: =K29 -> 0.9 | K29: =L29 -> 0.9 | L29: =M29 -> 0.9 | M29: =N29 -> 0.9 | ... P29: =Q29 -> 0.9 | Q29: =AA16 -> 0.9
F30: =G30 -> 0 | G30: =H30 -> 0 | H30: =I30 -> 0 | I30: =J30 -> 0 | J30: =K30 -> 0 | K30: =L30 -> 0 | L30: =M30 -> 0 | M30: =N30 -> 0 | ... O30: =P30 -> 0
B31: Rango Menor | F31: =G31 -> 0.6 | G31: =H31 -> 0.6 | H31: =I31 -> 0.6 | I31: =J31 -> 0.6 | J31: =K31 -> 0.6 | K31: =L31 -> 0.6 | L31: =M31 -> 0.6 | M31: =N31 -> 0.6 | ... P31: =Q31 -> 0.6 | Q31: =AA20 -> 0.6
B33: Avance | F33: =F26/F27 -> #DIV/0! | G33: =G26/G27 -> #DIV/0! | H33: =H26/H27 -> #DIV/0! | I33: =I26/I27 -> #DIV/0! | J33: =J26/J27 -> #DIV/0! | K33: =K26/K27 -> #DIV/0! | L33: =L26/L27 -> #DIV/0! | M33: =M26/M27 -> #DIV/0! | ... Q33: =Q26/Q27 -> #DIV/0!
D38: ANÁLISIS | J38: ACCIÓN A SEGUIR
J40: SEGUIMIENTO A LA IMPLEMENTACIÓN
D42: RESPONSABLE
D43: Coordinador de Gestión Humana

Sheet IND SISTEMA GESTION DOCUMENTAL
W2: CODIGO
E3: INDICADOR EVALUACIÓN DE DESEMPEÑO | W3: VERSION
W5: FECHA DE APROBACIÓN
W8: PAGINA | Y8: 1 de 1
B12: NOMBRE DEL INDICADOR | F12: ='Tablero de Indicadores'!C17 -> SISTEMA DE GESTIÓN DOCUMENTAL
B14: PROCESO | F14: ='Tablero de Indicadores'!C9 -> ASEGURAMIENTO DE CALIDAD | S14: META | U14: ='Tablero de Indicadores'!F17 -> 1 | W14: CLASIFICACIÓN | Y14: RANGO
B16: FORMULA | F16: ='Tablero de Indicadores'!D17 -> (Total de documentos creados y actualizados/Total documentos proyectados)*100 | S16: FRECUENCIA DE MEDICIÓN | U16: ='Tablero de Indicadores'!K17 -> Trimestral | W16: SATISFACTORIO | Y16: > | AA16: ='Tablero de Indicadores'!G17 -> 0.9
B18: UNIDAD | F18: ='Tablero de Indicadores'!E17 -> PORCENTAJE | S18: TIPO INDICADOR | U18: ='Tablero de Indicadores'!B17 -> Efectividad | W18: ACEPTABLE | Y18: ='Tablero de Indicadores'!H17 -> 0.8 | AA18: ='Tablero de Indicadores'!I17 -> 0.7
B20: RESPONSABLE MEDICIÓN | F20: ='Tablero de Indicadores'!L17 -> Coordinadora Aseguramiento de Calidad y SIG | S20: VIGENCIA | U20: ='Tablero de Indicadores'!H9 -> 2026 | W20: CRÍTICO | Y20: < | AA20: ='Tablero de Indicadores'!J17 -> 0.6
B24: PARAMETROS | F24: Enero | G24: Febrero | H24: Marzo | I24: Abril | J24: Mayo | K24: Junio | L24: Julio | M24: Agosto | N24: Septiembre | O24: Octubre | P24: Noviembre | Q24: Diciembre | S24: OBSERVACIONES:
B26: Evaluaciones realizadas
B27: Programados Evaluar | E27: 0
B29: Rango Mayor (Meta) | F29: =G29 -> 0.9 | G29: =H29 -> 0.9 | H29: =I29 -> 0.9 | I29: =J29 -> 0.9 | J29: =K29 -> 0.9 | K29: =L29 -> 0.9 | L29: =M29 -> 0.9 | M29: =N29 -> 0.9 | ... P29: =Q29 -> 0.9 | Q29: =AA16 -> 0.9
F30: =G30 -> 0 | G30: =H30 -> 0 | H30: =I30 -> 0 | I30: =J30 -> 0 | J30: =K30 -> 0 | K30: =L30 -> 0 | L30: =M30 -> 0 | M30: =N30 -> 0 | ... O30: =P30 -> 0
B31: Rango Menor | F31: =G31 -> 0.6 | G31: =H31 -> 0.6 | H31: =I31 -> 0.6 | I31: =J31 -> 0.6 | J31: =K31 -> 0.6 | K31: =L31 -> 0.6 | L31: =M31 -> 0.6 | M31: =N31 -> 0.6 | ... P31: =Q31 -> 0.6 | Q31: =AA20 -> 0.6
B33: Avance | F33: =F26/F27 -> #DIV/0! | G33: =G26/G27 -> #DIV/0! | H33: =H26/H27 -> #DIV/0! | I33: =I26/I27 -> #DIV/0! | J33: =J26/J27 -> #DIV/0! | K33: =K26/K27 -> #DIV/0! | L33: =L26/L27 -> #DIV/0! | M33: =M26/M27 -> #DIV/0! | ... Q33: =Q26/Q27 -> #DIV/0!
D38: ANÁLISIS | J38: ACCIÓN A SEGUIR
D40: FECHA SEGUIMIENTO | J40: SEGUIMIENTO A LA IMPLEMENTACIÓN
D42: RESPONSABLE
D43: Coordinador de Gestión Humana

Sheet IND CONFORMIDAD MICROBIOLOGICAS
D2: FICHA TÉCNICA INDICADORES DE GESTIÓN | K2: CÓDIGO:
K3: VERSIÓN:
K4: FECHA DE APROBACIÓN
K5: PÁGINA
B7: 1. DATOS DEL INDICADOR
B8: NOMBRE DEL INDICADOR | D8: ='Tablero de Indicadores'!C20 -> CONFORMIDAD MUESTRAS MICROBIOLOGICAS | F8: CÓDIGO O CONSECUTIVO | G8: N/A | J8: OBJETIVO
B9: FÓRMULA PARA EL CALCULO | D9: ='Tablero de Indicadores'!D20 -> (Total muestras conformes/Total muestras realizadas) x 100 | F9: META | G9: ='Tablero de Indicadores'!F13 -> 0.9 | J9: FUENTES DE INFORMACIÓN
B10: PERIODICIDAD DE CALCULO | D10: Semestral | F10: PROCESO RELACIONADOS | G10: ='Tablero de Indicadores'!C9 -> ASEGURAMIENTO DE CALIDAD | J10: UNIDAD DEL INDICADOR | K10: ='Tablero de Indicadores'!E13 -> PORCENTAJE
B11: TENDENCIA (Creciente o Decreciente) | D11: creciente | F11: NATURALEZA | G11: Eficacia Eficiencia | J11: RESPONSABLE DE LA MEDICIÓN | K11: ='Tablero de Indicadores'!L13 -> Coordinadora Aseguramiento de Calidad y SIG
G12: Efectividad Otro ___________
B13: 2. RESULTADOS AÑO _________
B15: PERIODO | C15: DATO 1: | D15: DATO 2: | E15: RESULTADO | F15: META | G15: OBSERVACIONES
B16: ='IND ESTADO SANITARIO'!F24 -> Enero | C16: ='IND ESTADO SANITARIO'!F26 -> 0 | D16: ='IND ESTADO SANITARIO'!F27 -> 0 | E16: ='IND ESTADO SANITARIO'!$F$33 -> #DIV/0! | F16: ='IND ESTADO SANITARIO'!$U$14 -> 0.9
B17: ='IND ESTADO SANITARIO'!G24 -> Febrero | C17: ='IND ESTADO SANITARIO'!G26 -> 0 | D17: ='IND ESTADO SANITARIO'!G27 -> 0 | E17: ='IND ESTADO SANITARIO'!$G$33 -> #DIV/0! | F17: ='IND ESTADO SANITARIO'!$U$14 -> 0.9
B18: ='IND ESTADO SANITARIO'!H24 -> Marzo | C18: ='IND ESTADO SANITARIO'!H26 -> 0 | D18: ='IND ESTADO SANITARIO'!H27 -> 0 | E18: ='IND ESTADO SANITARIO'!$H$33 -> #DIV/0! | F18: ='IND ESTADO SANITARIO'!$U$14 -> 0.9
B19: ='IND ESTADO SANITARIO'!I24 -> Abril | C19: ='IND ESTADO SANITARIO'!I26 -> 0 | D19: ='IND ESTADO SANITARIO'!I27 -> 0 | E19: ='IND ESTADO SANITARIO'!$I$33 -> #DIV/0! | F19: ='IND ESTADO SANITARIO'!$U$14 -> 0.9
B20: ='IND ESTADO SANITARIO'!J24 -> Mayo | C20: ='IND ESTADO SANITARIO'!J26 -> 0 | D20: ='IND ESTADO SANITARIO'!J27 -> 0 | E20: ='IND ESTADO SANITARIO'!$J$33 -> #DIV/0! | F20: ='IND ESTADO SANITARIO'!$U$14 -> 0.9
B21: ='IND ESTADO SANITARIO'!K24 -> Junio | C21: ='IND ESTADO SANITARIO'!K26 -> 0 | D21: ='IND ESTADO SANITARIO'!K27 -> 0 | E21: ='IND ESTADO SANITARIO'!$K$33 -> #DIV/0! | F21: ='IND ESTADO SANITARIO'!$U$14 -> 0.9
B22: ='IND ESTADO SANITARIO'!L24 -> Julio | C22: ='IND ESTADO SANITARIO'!L26 -> 0 | D22: ='IND ESTADO SANITARIO'!L27 -> 0 | E22: ='IND ESTADO SANITARIO'!$L$33 -> #DIV/0! | F22: ='IND ESTADO SANITARIO'!$U$14 -> 0.9
B23: ='IND ESTADO SANITARIO'!M24 -> Agosto | C23: ='IND ESTADO SANITARIO'!M26 -> 0 | D23: ='IND ESTADO SANITARIO'!M27 -> 0 | E23: ='IND ESTADO SANITARIO'!$M$33 -> #DIV/0! | F23: ='IND ESTADO SANITARIO'!$U$14 -> 0.9
B24: ='IND ESTADO SANITARIO'!N24 -> Septiembre | C24: ='IND ESTADO SANITARIO'!N26 -> 0 | D24: ='IND ESTADO SANITARIO'!N27 -> 0 | E24: ='IND ESTADO SANITARIO'!$N$33 -> #DIV/0! | F24: ='IND ESTADO SANITARIO'!$U$14 -> 0.9
B25: ='IND ESTADO SANITARIO'!O24 -> Octubre | C25: ='IND ESTADO SANITARIO'!O26 -> 0 | D25: ='IND ESTADO SANITARIO'!O27 -> 0 | E25: ='IND ESTADO SANITARIO'!$O$33 -> #DIV/0! | F25: ='IND ESTADO SANITARIO'!$U$14 -> 0.9
B26: ='IND ESTADO SANITARIO'!P24 -> Noviembre | C26: ='IND ESTADO SANITARIO'!P26 -> 0 | D26: ='IND ESTADO SANITARIO'!P27 -> 0 | E26: ='IND ESTADO SANITARIO'!$P$33 -> #DIV/0! | F26: ='IND ESTADO SANITARIO'!$U$14 -> 0.9
B27: ='IND ESTADO SANITARIO'!Q24 -> Diciembre | C27: ='IND ESTADO SANITARIO'!Q26 -> 0 | D27: ='IND ESTADO SANITARIO'!Q27 -> 0 | E27: ='IND ESTADO SANITARIO'!$Q$33 -> #DIV/0! | F27: ='IND ESTADO SANITARIO'!$U$14 -> 0.9
B29: 3. ANÁLISIS Y SEGUIMIENTO
B43: 4. PLAN DE ACCIÓN
B44: ACTIVIDAD | F44: RESPONSABLE | G44: PROCESO | H44: FECHA DE INICIO | I44: FECHA ENTREGA | J44: SEGUIMIENTO
B49: 5. OBSERVACIONES

Sheet Hoja1
A1: Eficacia | B1: Mensual
A2: Eficiencia | B2: Bimestral
A3: Efectividad | B3: Trimestral
B4: Semestral
B5: Anual

Sheet Hoja2
